instruction,response
"Customer: I can't log into my account. What should I do?","Thank you for contacting us. Let's troubleshoot your login issue. First, please try resetting your password using the 'Forgot Password' link. If that doesn't work, please check that you're using the correct email address and that your account hasn't been locked due to multiple failed login attempts. If you continue to experience issues, please contact our support team with your account email address."
"Customer: My order hasn't arrived yet. It's been 2 weeks.","I apologize for the delay. Let me check the status of your order. Could you please provide your order number? Once I have that information, I can track your shipment and provide you with an estimated delivery date. If there's been a shipping issue, I'll work with our logistics team to resolve it and ensure you receive your order as soon as possible."
"Customer: I want to return a product I purchased last month.","We're happy to help with your return. Our return policy allows returns within 30 days of purchase. To process your return, please provide your order number and the reason for return. Once approved, we'll send you a return shipping label and instructions. You'll receive a refund to your original payment method within 5-7 business days after we receive the returned item."
"Customer: How do I update my billing information?","You can update your billing information by logging into your account and navigating to the 'Billing' section in your account settings. From there, you can add, edit, or remove payment methods. If you need assistance or encounter any issues, please let me know and I can guide you through the process step by step."
"Customer: I received a damaged item. What should I do?","I'm sorry to hear that your item arrived damaged. We'll take care of this right away. Please send photos of the damaged item and packaging to our support email, along with your order number. We'll either send you a replacement immediately or process a full refund. We apologize for the inconvenience and will ensure this doesn't happen again."
"Customer: Can I cancel my subscription?","Yes, you can cancel your subscription at any time. You can do this by logging into your account, going to the 'Subscriptions' section, and clicking 'Cancel Subscription'. Your subscription will remain active until the end of your current billing period, and you'll continue to have access to all features until then. If you'd like immediate cancellation, please let me know and I can process that for you."
"Customer: I forgot my password. How do I reset it?","No problem! You can reset your password by clicking the 'Forgot Password' link on the login page. Enter your email address, and we'll send you a password reset link. Click the link in the email and follow the instructions to create a new password. If you don't receive the email within a few minutes, please check your spam folder or contact us for assistance."
"Customer: What are your business hours?","Our customer support team is available Monday through Friday from 9 AM to 6 PM EST, and Saturday from 10 AM to 4 PM EST. We're closed on Sundays. For urgent matters outside these hours, you can leave a message and we'll respond as soon as possible when we return. You can also check our FAQ section on our website for answers to common questions."
"Customer: I want to change my shipping address for an order.","If your order hasn't shipped yet, we can update the shipping address. Please provide your order number and the new shipping address. If the order has already shipped, we won't be able to change the address, but we can help you set up a package intercept or redirect if available through the shipping carrier. Let me know your order number and I'll check the status."
"Customer: Do you offer international shipping?","Yes, we do offer international shipping to most countries. Shipping costs and delivery times vary by destination. You can check shipping options and costs during checkout by entering your shipping address. Some items may have restrictions for international shipping due to customs regulations. If you have a specific country in mind, I can provide more detailed information about shipping options and estimated delivery times."





